Column 1,Column 2,Column 3,Column 4,Column 5,Column 6,Column 7,Column 8,Column 9,Column 10
  9, 77,  6, 90, 94, 54,  7, 90, 65, 52
  91, 74, 17, 11, 89, 57, 24, 52, 93, 30
  84, 70, 81, 76, 24, 17, 65, 92, 67, 90
  12, 40, 27, 27, 67, 77,100, 16, 62, 25
  92,  3, 18, 55, 34, 65, 79, 40, 86, 18
   3, 56, 31, 96, 22, 75, 40,  6, 17, 37
  83, 45, 68, 56, 61, 30, 52, 76, 14, 13
  22, 77, 68, 95, 93, 39, 30, 66, 23,  9
  62,  1, 45, 41, 71, 52,  2, 86, 37, 57
  97, 53, 79, 71, 35, 65, 57, 23, 67,  1
  86, 42,  7,  6, 57, 54, 24, 49, 42, 37
  18, 16, 98,  2, 48,100, 48, 31, 48, 59
  59, 76, 90, 21, 83, 10, 22, 36,  8,  9
  25, 32, 97, 44, 75, 35, 15, 28, 95,  9
  44, 15, 74, 79, 77, 31, 15, 68,  7, 38
   3, 95, 70, 84, 54, 48, 49, 76,  4, 63
  20, 51, 11, 88, 89,  4, 34, 77, 70, 33
  17, 48, 66, 16,  5,  7,  7, 90, 14, 44
  45, 68, 92, 20, 47, 42,  2, 87, 59, 67
  65, 74, 35, 89, 54, 27, 89, 82, 27, 82
  36,  6, 93, 49, 22, 97, 24, 10, 61, 15
  78, 91, 35, 66, 28, 56, 34, 55, 84, 78
  16, 61, 26, 30, 71,  9, 37,100, 31, 50
  71, 38, 24, 73, 15, 88, 23, 35, 11, 15
  61, 23, 24,  5, 89, 19,  6, 77, 76, 37
  59, 19, 86, 80, 59,  8, 94, 90, 34, 20
  29, 69, 36, 45, 92, 37, 28, 24, 17, 58
  92, 78, 87, 97, 91, 25, 95,  8,  5, 85
  60, 31,  4, 97, 30, 29, 74, 64, 32, 38
  79, 71, 18, 60, 46, 10, 70, 12, 91, 44
  92, 73, 24, 81, 70, 21, 13, 93, 51,  2
  81,  1,  5,  7, 73, 50,100, 76, 49, 26
  86, 52, 11, 57, 88, 86, 38, 94, 23, 45
  13, 34, 21, 45, 81, 35, 84, 55, 67, 95
  86,  8,  8, 70, 78, 13, 74, 60, 66, 67
  16, 35, 60, 90, 53,  1, 99, 33, 88, 74
  14, 51, 29, 49, 66, 46, 18, 86, 42, 34
  58,  6, 55, 98, 43, 56, 48, 12, 16, 82
  93, 82, 14, 64, 72, 96, 75, 98, 68, 45
  96, 10, 31, 16, 14,  5, 44, 36, 49, 73
  32, 71, 67, 47,  5, 89, 55, 10, 50, 52
  38, 98, 12, 52, 99, 47, 45, 36, 75, 44
  15, 47, 12, 91, 20,  8, 78, 82, 84, 35
  54, 15, 52, 71, 46, 47, 94, 13, 78,  3
  86, 53, 11, 34, 62, 21, 17, 85, 22, 90
  75, 93, 40, 15,  9,  6, 91,  3, 43, 95
  44, 88, 80, 96, 91, 33, 75, 20,  7, 45
  98,  1, 52, 46, 57, 75, 50, 15, 80, 43
  49, 47,  7, 34, 77, 25, 74, 59, 54, 74
   5, 68, 23, 14,  2, 56, 23, 91, 14, 14
  52,  7, 33, 35, 53, 57, 35, 75, 76, 99
  57, 25,  3, 27, 56, 71, 30, 85, 13,  7
  60, 19,  1, 22, 31, 25, 15, 76,  5, 80
  40, 11, 39, 88,100, 78, 62, 48, 68, 58
  49, 87, 48, 27, 39, 58, 19, 92, 93, 86
  96, 11,  2, 69, 81,  2, 38, 12, 51, 52
  22,100,  6, 56, 10, 30,  9, 14, 50, 89
   3, 45, 88, 30, 52, 41, 58, 61, 64, 16
  76, 25, 37,  1, 37, 19, 70, 33, 46, 14
  32, 26, 79, 35, 31, 76, 96,  9,  4, 42
  66,  1, 39, 98, 71, 17, 62, 95, 10, 97
  37, 52, 96, 28, 34, 41, 26, 41, 10,  7
  40,  7, 59, 48, 69, 79, 99, 78, 75, 74
  18, 51, 62, 62, 87, 58,  8, 12, 73, 63
  33, 44, 72, 64, 60, 37,100, 11, 31, 81
  24, 86,  4, 93, 74,  5, 67, 90, 54, 12
  24, 10, 60, 98, 27, 95, 53, 50, 37, 19
  18, 66, 87,  6,  4, 48, 35, 43, 99, 63
  57, 32, 34, 32, 81, 65, 90,  2, 85, 93
  31, 51, 60, 38, 38, 31, 42, 16, 97, 68
  49,  5, 35, 55, 47, 26, 11, 42, 76, 11
  25, 79, 47,  7, 20, 20, 97, 37,  2, 61
  61, 52, 53, 42, 24,  6, 82, 80, 54,  9
   7, 30,  7,  4, 10, 14, 30, 99, 63, 30
  34, 81, 45, 21, 16, 52, 62, 40, 98, 37
  90, 90, 11, 24, 24, 17,  2, 45, 63, 79
  11, 28,  5, 87, 28, 73, 16, 86, 10, 61
  71, 38,  1, 96, 99, 30, 77, 16, 88, 86
  80, 75, 79, 56,  5, 85, 81, 24, 10, 42
  67, 89, 60, 56,  9, 57, 67, 23, 61, 28
  28, 55, 87, 60, 10, 30, 66, 14, 49, 40
  63, 87, 44, 37, 22, 30, 67,  4, 97, 38
   2,100, 72, 60, 47, 41, 15, 94, 75, 76
  97, 52,  9, 15,  2, 48,  6, 73, 11, 49
  28, 47, 57, 97, 64, 25, 85, 88, 28, 30
  83, 89, 79, 73, 74, 70, 61, 56, 83,  4
  80,  5, 77, 60, 46,  9, 60, 31, 24, 46
  99,  3, 96, 65, 32, 16, 10, 62, 71, 91
  21, 71, 88, 45, 89, 13, 95, 78, 70, 77
  25, 64, 78, 27, 63, 90, 92, 75, 69, 89
   3, 82, 14, 82, 88,  7,  2, 48, 85, 43
  22, 73, 39, 99, 86, 94, 69,  4, 79, 70
  20, 11, 23, 46, 55, 68, 80, 43, 43, 37
  67, 18, 72, 89, 23, 38, 42, 14, 89, 59
  58, 39,  7, 66,  4, 87, 87,  9, 36, 36
  78, 58, 97,  7,  7,  7,100, 14, 88, 91
  16, 93, 82, 35, 84, 61, 95, 27, 75, 30
  77, 81,  7, 16, 15, 96, 84, 61, 83, 80
  57, 69, 15, 72,  6, 91, 87, 56, 65, 88
  69, 74, 73, 18, 26,  5, 31, 42, 97, 51
  32,  1,  4, 20, 70, 36,  6, 14, 91, 16
  16, 66, 34, 24, 57, 70, 14, 82, 82, 37
  90, 36, 91,  3, 21, 23, 93, 61, 22, 31
  22, 13,  3, 81, 60, 74, 40, 23, 59, 29
  79, 51, 47, 18, 10, 32,  2, 82, 48, 23
  58, 84, 88, 65, 21, 77, 97, 18, 39, 49
  22, 21, 20, 24, 71, 28, 42, 39, 96, 92
   3, 73, 96, 23, 47,  6,  2, 58, 87, 72
  11, 73, 59, 25, 99, 71, 78, 38, 21, 69
  70,  1, 18,  8, 57,100, 49, 37, 69, 50
  23, 20, 25, 61, 31, 52, 13, 44, 23, 46
  80, 24, 77, 19, 57, 71, 50, 79, 32, 79
  60, 59, 79, 37, 96, 69, 79, 45, 27, 38
  73, 20, 65, 16, 24, 94, 44, 35, 21, 90
  88,  5, 27, 38, 80, 34, 89, 57, 42, 47
  88,  5, 71, 59,  2, 79, 96, 10, 47, 18
  51, 29, 56, 71, 24, 85, 98, 30, 27, 12
  19, 92, 80, 89, 45, 73, 75, 63, 27, 38
  37, 93, 83, 91, 59, 76, 89, 86, 61, 70
  77, 22, 86, 83, 47, 59, 23, 20, 54, 65
  57, 91, 28, 97, 78, 59, 77,  8,  1, 39
  84, 20, 73, 26, 15, 11, 62, 22, 78, 50
   7, 89, 98, 85, 53, 96, 71, 62, 20,  1
  77, 36, 35, 46, 68, 49, 53, 13, 11, 20
  43, 43, 27, 82, 78, 40, 38, 40, 40, 86
  63, 15, 26, 78, 17, 40, 98, 66,  7, 24
  23, 38, 45, 94, 25, 99, 48, 78, 68,  8
  20, 36, 80, 53, 22,  1, 18, 88, 96, 48
  33, 32,  5, 31, 81, 72, 84,  4,  6, 76
  35, 74,  5, 98, 10, 62, 42, 36, 73, 73
  60, 17, 58, 49, 52, 27, 37, 57, 50, 12
  85, 93,  2, 11, 46,  3, 55,  1, 35, 30
 100, 81, 58, 71, 43, 24, 53, 96, 86, 85
  18, 38, 21, 97, 51,  6, 94, 68, 53, 91
  37, 15, 65,  9, 62, 77, 23, 37, 45, 87
  47, 62, 43, 46, 55, 77, 31, 27, 59,  6
  44, 37, 46, 24, 97, 37, 88, 51, 60, 50
  34, 55, 43, 27, 28, 67,  7, 57, 70, 46
  33, 27, 82, 72, 10, 32, 58, 36, 93, 78
  24, 32, 77, 94,  3, 35, 26, 98, 91, 18
  40, 78, 57, 78, 83, 21,  1, 83, 30, 67
  84, 45, 38, 77, 79, 53, 59, 87, 86, 25
  38, 14, 10, 40,  2, 81, 53, 29, 20, 25
   5, 83, 55, 87, 62, 31, 46, 54, 24, 99
  49, 52, 43,  9, 14, 97, 66, 58, 99, 17
   8,  5, 61, 98, 69, 94,  2, 19, 38, 70
  55, 39, 47, 52, 88, 15, 90, 83, 34, 17
  70, 14, 14,  8, 99, 73, 23, 61, 25, 25
  13, 33, 63, 99, 19, 76, 23, 75,  4, 40
  73, 47, 67, 32, 51, 16, 71, 19, 91, 56
  34,  5,  4, 72, 75, 82, 94, 83, 23, 82
  37, 62, 25, 15, 65, 75,  8, 58, 28, 86
  61, 85, 25, 89, 73, 81, 81, 90, 12, 81
   7, 27, 24,  2, 98, 61, 74, 43, 99, 12
  85, 41, 81, 24, 45, 68, 63, 93, 12, 89
  91, 55, 94, 64, 68, 39, 97,  3, 64, 64
  35, 27, 36, 83, 28, 56, 27, 28,  3, 75
   6, 74, 61, 55,  6, 11, 40, 66, 41, 67
  67, 82,100, 45,  7,  5,  4, 79, 26, 38
  48, 55, 29, 46, 35, 27, 68, 92, 43, 81
  81, 13, 77, 44, 22, 86, 78, 58, 83, 32
  96, 44,  2, 41, 66, 82, 58, 95,  6, 59
  51, 52, 75, 78, 81, 84, 15,100, 69, 41
  12, 54, 42, 83, 21, 70, 81, 60, 41, 65
  33, 31, 32, 92, 39, 97, 22, 52, 50, 92
  33, 82, 80, 81, 53, 47, 34, 38, 51, 52
  95, 34, 58, 19, 12, 39, 28, 57, 76, 38
  16,  5, 66, 66, 63, 76, 33, 98, 95, 70
   1, 81, 88, 86, 28,  6, 31, 52, 56, 43
  99, 91, 21,  2,  6, 18, 14, 93, 93, 90
  26, 94, 11, 98, 66, 24, 58, 37, 42, 92
   5, 88, 24, 84, 94, 66, 40, 11, 47,  4
  35, 14, 61,  6,  7, 71, 72, 21, 79, 89
  19,  6, 96, 24, 42, 58, 55, 74, 35, 82
  61,  2, 39, 84, 71, 40,  6, 70, 95, 95
  40, 96, 97, 19, 17, 89, 71, 81, 78, 15
  76, 42, 26,  2, 42,  5, 84, 92, 64,100
  97, 50, 17, 86, 90, 17, 10,  8, 99, 36
  78, 89, 50, 35,  9, 48, 18, 30,  1, 87
  43, 52, 77, 78, 62, 85, 38, 13, 48, 55
  51, 89, 55, 95,100, 13, 61, 99, 93, 90
  48, 55, 37, 22, 95, 97, 35, 78, 16, 52
  80, 67, 96,  4, 59, 22, 32, 90,  1,  2
  25, 93, 18, 96, 46, 87, 34, 23, 39, 17
  52, 92, 39, 49, 37, 68, 98, 46, 68, 81
  82, 73, 62, 17, 30, 79, 50, 89,  9, 49
  63, 77, 46, 63, 96, 98, 37, 23, 98, 45
  81, 63, 21, 50, 11, 13,  8, 26, 42, 27
   3, 59, 62, 37, 70, 19, 68, 83, 76,  5
  51, 12, 69, 12, 47, 15, 32, 74, 26, 27
   6, 45, 63, 83, 79, 81, 84, 45,  8, 12
  13, 16, 60, 13, 93, 63, 58, 79, 86, 26
  88, 49, 89, 73, 53, 91, 70,  2,  9, 53
  66,  4, 76, 50, 92, 80, 24, 56, 39, 27
   9, 81, 65, 22, 33, 22, 97, 45,  4, 77
  20, 57,100,  8, 87, 20, 70, 19,  6, 41
  63, 85, 25, 12, 58, 78, 94, 86,  9, 43
  93, 26, 79,  9,  5, 32, 67, 34, 37, 98
  27, 74, 58, 28, 39, 25, 98, 26, 29, 11
  68, 66, 13, 90, 83, 65, 58,  1, 51, 47
  95, 50,  8,  8, 26, 50, 26, 75, 94, 97
  62,  6, 52, 82,100, 49, 26, 98,  1, 60
  15,  3, 81, 40, 74, 76, 37, 48, 94, 47
  13, 87, 77, 98, 50,  6, 67, 89, 26, 85
  16, 94, 44, 20, 65, 99, 28, 93, 41, 50
  93, 74, 26, 84,  8, 44, 48,  8,  4,  8
  66, 25, 50, 98, 13, 57, 83, 79, 13, 87
  11, 46, 84, 37,  4,  5, 47, 42, 64, 51
  57, 81, 89, 99, 71, 56, 17, 39, 23, 69
  70, 37, 25, 55, 37, 80,  9, 47,100, 82
  63,  8, 36, 70, 31, 81, 48, 27, 38, 12
  45, 56, 62, 92, 33, 17, 70, 29, 65, 31
  38, 31, 96, 93, 45, 81,100, 45, 11, 67
  84, 14, 83, 82, 32, 81, 18, 68, 79, 75
  83,  4, 65, 51, 89, 86, 85, 68, 28,  2
  51, 44, 99, 13, 37, 96,  8, 94, 22, 16
  30, 86, 81, 38, 74, 11, 92, 56, 89, 66
  90, 26, 79, 14, 54, 28, 23, 46, 99, 85
   9,  1,  3, 55, 50, 75, 20, 87,  2, 38
  83, 34, 58, 62, 47, 37, 50, 52, 75, 93
   9, 59, 92, 51, 52, 53, 38, 36, 34, 11
  27, 85, 76, 78, 19, 71,  6, 69, 12, 96
  15, 41, 96, 20,  1, 55, 97, 93, 97, 42
  45, 68, 48, 71, 78, 32, 45, 61, 25,  1
  89, 54, 30,  7, 47, 27,  1, 78, 64, 24
  19, 34, 86, 36, 60, 75,  8, 27, 65, 87
  46, 25, 17,  1, 57, 42, 92, 51, 92, 15
   8, 58, 74, 94, 62, 55, 52, 49, 12, 86
  54,  8, 56, 89,  6, 72, 96, 43, 50, 43
  62, 63, 71, 72, 22, 87, 72, 71, 33, 43
  66,  2, 96, 95, 95,  6, 50, 95, 22,  7
  60, 77, 43, 41,  4, 14, 23, 79, 12, 21
  22,100,  7, 92, 19, 55,  7, 38, 91, 35
  35,  8, 16,  3, 68, 87, 66, 29, 71,  9
  59, 74, 36, 63, 99, 24, 62,  7, 21, 94
  40, 51, 30, 29, 86, 35, 20, 53, 67, 52
  19,  1, 91, 67, 60, 67, 86,  8, 74, 52
  30, 96, 32, 38, 92, 17, 28, 59, 87, 18
  39, 80,  4, 46,  2, 60, 70, 18, 89, 83
  48, 63, 88, 51, 79,  3, 27, 60, 59,  4
  13, 67, 40, 74, 89, 22, 35,  2, 54, 84
  50, 15, 63, 53, 85, 78, 49, 74, 76, 39
  25, 58,  3, 28, 26, 66, 95, 46, 49,  9
  91, 41,  8, 59, 28, 46, 11, 33, 83, 85
  50, 98, 51,  5, 98, 36, 52,  6, 35, 85
  24, 76, 81, 67, 13, 16, 21, 90, 82, 30
  63, 72, 11, 21, 51, 58, 35, 55, 78, 32
  61, 56, 79, 13, 14,  7, 86, 50, 85, 39
  29, 98, 67, 83, 75,  2, 56, 56, 22, 69
  58, 44, 82, 45, 21, 42, 74, 49, 42,100
  47, 45, 36, 53, 99, 60, 42, 67, 50, 73
  12, 26, 66, 22, 33, 70, 36, 66, 46, 77
  15, 36, 36, 52, 41, 15, 52,  2, 57, 68
  42,  4, 22, 84, 23, 56, 33,  9, 88,  9
  43, 88, 19,  8, 44, 90, 32, 20, 15, 69
  65, 76, 63, 82, 84, 23, 44, 66, 97, 15
  38,  7, 88, 12, 33, 18, 60, 45, 24, 14
  88, 53, 22, 74, 37, 21, 66, 93, 77, 57
  36, 11,  1, 39, 39, 44, 55, 43, 87, 11
  19, 29,  9, 63, 54, 78, 14, 79, 45, 48
  72,  7, 58, 77, 87, 42, 10, 17, 98, 58
  30, 69, 28, 38, 98, 10, 97, 65, 42, 55
  23,  9, 73, 88, 14, 12, 63, 30, 18, 17
  10, 83, 78, 89, 37, 38, 18, 23, 53, 34
  46, 64, 94, 75, 80, 94, 92, 55, 18, 44
  31, 75, 67,  6, 68, 74, 16, 58, 59, 40
   4, 32, 78, 37, 96, 50, 59, 50, 19, 10
  84, 39, 41, 44, 52, 35, 35, 44, 58, 34
  14, 88, 96, 58, 44, 98, 45,  7, 45, 99
  56, 65, 26, 32, 75, 44, 57, 11, 21, 54
  42, 34, 37, 75, 57, 95, 25, 78, 53, 97
  98, 55, 72, 59, 95, 56, 75, 69, 81,  3
  59, 61,  1, 10, 46, 35, 47,  3, 69, 81
  82, 57, 55, 51, 74, 78, 75, 49, 96, 72
   4,  6, 67, 84, 66, 20, 36,  3, 38, 57
  85,  1, 22, 93, 33,  5, 11, 61, 12, 67
  27,  4, 99, 84, 89, 28, 77,  3, 99, 32
  69,  7, 41, 90, 35,  4, 24, 73, 29,  9
  40, 30, 64, 15, 49, 28, 36,  7, 40,  1
   9, 48, 34, 56,  3, 87,  6, 86, 87, 73
  81, 54, 52, 61,  6, 87, 23, 61, 80, 66
   2, 95, 17, 12, 55, 20, 29, 36,  4,  9
  65, 42, 24, 47, 15, 55, 61, 88, 60, 39
  62, 12, 36, 93, 97, 16, 51, 18,  3, 10
  10, 14, 43,  5, 79, 61, 64, 77, 27, 39
  82, 55, 18, 98, 54, 51, 80, 19, 45, 65
  93,  7, 31, 57, 41, 51, 28, 59, 17, 44
  56,  3, 51, 92, 23, 70, 75, 60, 16,  1
  59, 86, 53,  3, 51, 46, 31, 48, 38, 63
  91,  9, 33, 49, 65, 93, 61, 32, 46, 42
  26, 44, 35, 71, 25,  7, 48, 22, 56, 52
  12,  8, 63,  3, 72, 81, 74, 24, 89, 16
  35, 70, 91, 19, 45, 66, 83, 90, 16, 36
  22, 40, 35,  9, 88, 23, 30, 73, 72,  4
  24, 96, 42, 62, 71, 92, 72, 90,  2, 40
  87, 50, 71, 25, 16, 76, 17,  3, 38, 94
  88, 66, 65, 90, 23, 59, 81, 32,  7, 46
  72, 63, 99, 45, 49,  1, 47, 96, 33,100
  25, 38,  8, 94, 44, 76, 82, 11, 99, 47
   9, 73, 38,100, 66, 21, 82,  7, 74, 41
  68, 84, 67, 51, 72, 98, 75, 31, 50, 77
  10, 16, 54, 71, 20, 10, 71, 32, 68, 46
  50, 51, 38, 41,  1, 45, 10, 84, 33,100
  24, 91, 44, 86, 52, 97, 61, 76, 21, 69
  49, 76, 41, 23, 53, 10, 60, 54,  7, 94
  85,  8, 63, 47, 48, 46,  1, 78, 25,100
  93, 27, 65, 70, 15,  9, 75, 37, 28, 25
  31, 24, 35, 35,  7, 77, 57, 90, 82, 21
  79, 31, 99, 85, 43, 14, 33, 66, 33, 42
  83, 25, 65, 99, 45, 33, 87, 54, 55, 77
  97, 62, 36, 31, 69, 52, 28, 56, 42, 11
  22, 94, 97, 90, 61, 16, 13, 95, 22, 75
  30, 35, 83, 87, 97, 42, 23, 30, 98, 44
  96, 27, 38, 74, 32, 97, 51, 51, 27, 92
  28, 23,  2, 24, 88, 33, 13, 16, 97, 16
  14, 77, 77, 39, 12,  7, 60, 95, 40, 52
  51, 33, 45, 77, 20, 17, 39, 21, 52, 79
  12,  6, 52, 52, 36, 25, 52, 93, 79, 73
 100, 44, 49, 89, 26, 50, 18,  2, 29, 52
  21,  9, 97, 24, 79,100, 26, 98, 11, 17
  90, 21, 83, 99, 40,  2, 35, 61, 10, 47
  11, 86, 22, 75, 98, 76, 32, 29, 40, 58
   3, 58, 70, 30, 76,  9,  9, 66, 78, 33
  89, 86,  6, 54, 42, 68, 63, 61, 71, 19
  10, 88, 75, 18, 88, 37, 54, 14, 86, 79
  65, 44, 33, 14, 60, 26, 53, 27, 73, 75
   2,  3, 97, 76, 97, 33, 58,  6, 75, 71
  73, 50, 76, 67, 86, 54, 69, 66, 85,  9
  91, 53, 43, 85, 60, 48, 96, 40, 28, 29
  97, 31, 61, 53, 88, 53, 91, 30, 62, 92
  79, 19, 47, 13, 99, 52, 85,  7, 64, 74
  48, 97, 13, 64, 65, 56, 58, 28, 72, 49
 100, 61, 58, 58, 78, 56, 42, 25, 28, 17
  51, 92, 25, 18, 63, 11, 77, 30,  5, 27
   8,  4, 68, 16, 22, 64, 27, 44, 79, 25
   6, 84, 64, 45, 32,  6, 88, 48, 44, 16
  42,100, 19, 55, 61, 14, 24, 17,  8,  4
  68, 17,  7, 62, 25, 51, 70, 75,100, 94
  59, 12, 62, 10, 24, 42, 62, 50, 75, 28
   7, 80, 55, 78, 40, 35, 81, 77, 89, 66
  13, 47,  8, 35, 23, 91, 92, 57, 10, 75
  24, 94, 59, 72, 77, 50, 70, 58, 27, 35
  19, 39, 49, 54, 49, 22, 57, 36, 17,  7
  45, 97, 39, 76, 59, 48,  4, 95, 22, 61
  97, 86, 48, 75,  6,  9, 71, 31, 72, 57
   2, 10, 39, 29, 99, 18, 29,  7, 93, 42
   5, 55, 38, 60, 94, 19, 41, 31, 11, 15
  56, 27, 16, 96, 39, 82, 84, 67, 56,  8
  11, 27, 93, 81, 75, 22, 45, 32, 15, 31
  87, 25, 73, 95, 85, 83, 88, 54, 21,  1
  36, 87, 10, 75, 63, 66, 74, 49, 10, 90
  94, 95, 79, 30, 40, 23, 61, 80, 62, 11
  26, 91, 97, 14,  4, 23, 55, 14, 45,  2
  64, 63, 27, 38, 68, 84,  6, 58, 52, 55
  41, 42, 88, 84, 24,  7, 26, 80, 69, 81
  79, 82, 48, 83, 61, 66, 14,  3, 56, 77
  21, 55, 46, 14,  1, 79, 87, 55, 99,  4
  25, 79,  7, 85, 66, 17, 68, 35, 65,  5
  23, 50, 77, 53, 40, 39, 44, 91, 43, 48
  44, 20, 51, 27, 25, 29, 81,  9, 17,  9
  30, 11, 78, 34, 38, 45,  4, 19, 37, 69
  23, 33, 44, 41, 33, 71, 50, 59, 11, 62
  13, 10,  4,  2, 42,  8,  3, 99, 45, 57
  33, 63,  4, 24, 10, 35,  3, 11, 21, 10
  97, 72, 46,  3, 47, 99, 36, 61, 38, 83
  50, 75, 18, 52, 98, 66, 11, 41, 93, 43
  63, 24, 56, 27, 26, 61, 78, 68, 75, 46
  19, 24, 12, 81, 76, 80, 24, 15, 78, 23
  23,  8, 51, 64, 33, 56, 88, 76, 31, 95
  83, 52, 63, 81, 44, 67, 38, 45, 13, 15
  36, 31, 86, 31, 69, 26,100, 66, 42, 74
  67, 70, 91, 27, 88, 68, 35, 33, 50, 52
  56, 35, 11,  8, 88, 59, 50, 65, 23, 53
  20, 26, 62, 84, 65, 40, 24, 85, 95, 83
  53, 58, 31, 70, 85, 43, 42, 60, 98, 60
  37, 12, 98, 76, 70, 70, 10, 71, 63, 84
  91,  1,100, 81, 21, 89, 82,  8, 39, 79
  22, 90, 30, 64, 40, 88, 24, 83, 16, 82
  33, 27, 42, 31, 16, 33, 27, 77, 95, 37
  57, 51, 47, 21,  8, 62, 13, 42, 31, 74
  54, 61, 71, 95, 61, 14, 79, 61, 81, 93
  73, 66, 51, 74, 66, 25, 20, 76, 53, 48
  84, 78, 46, 64, 18,  8, 32, 95, 62, 42
  24, 14, 21, 52, 88, 64, 42, 46, 82, 21
  39, 91, 77, 17, 56, 92, 70, 75, 40, 94
  51, 84, 62, 88, 11, 17, 71, 73,  2, 76
  28, 83, 72, 70, 27, 59, 38, 30, 19, 44
  29, 29, 96, 45, 98, 75, 73, 23, 63, 28
  94, 86, 41, 44, 68, 22,  7, 41, 59, 47
  75, 35, 35, 64, 83, 88, 99,  6, 57, 29
  95, 12, 62, 45, 58, 14, 94, 43, 26, 45
  33, 43, 99, 20, 33, 78, 60, 93,  1, 98
  97, 13, 99, 21,  4, 10, 76,  3, 12,  5
  99,100, 58, 70, 21, 57, 27, 80, 93,  2
  38, 86, 45, 64, 44, 35,  3, 30, 69, 17
  63, 44, 47, 73, 46, 99, 40, 13, 40, 36
  82, 85, 28, 32, 35, 98,  4, 49, 82,  2
  29, 76, 76, 59, 63, 51, 26, 61, 79,  7
  90, 86, 88, 65, 90, 69, 53, 44,  6, 82
  82, 73, 94, 59, 27, 40, 38, 38, 86, 30
   5,  9, 25, 27, 12, 84, 66, 93, 14, 54
  80, 77,  3, 36, 89, 46,  1,100,  4, 28
  23, 72, 52, 75, 66, 79, 84, 49, 39, 86
  71, 77, 99, 66, 36, 44, 62, 31, 20, 40
  51, 91,  8, 17, 80, 71, 71, 49, 16, 89
  53, 20, 13, 28, 51, 74, 36, 35, 61, 19
  48, 60, 67,  8, 75, 95, 19, 23, 52, 60
  49, 70, 48, 21, 91, 31, 85, 37, 34, 23
  45, 38, 27, 29, 53, 63, 47, 68, 73, 28
  98, 95,  2, 62,  5,100, 90, 51, 15, 91
  98, 49, 61, 86, 81, 62, 54, 91, 74,  3
  61, 41, 37,  7, 63, 12, 92, 10, 65, 85
  99, 19, 64, 72, 47, 23,  7, 72, 65, 84
  52,  2, 31, 25, 46, 45, 59, 92, 25, 83
  12, 84, 88, 29, 55, 27, 82, 47,  8, 57
  50, 44, 86, 25, 18, 52, 57,  9, 22, 92
  41, 66, 86, 15, 98, 15, 27, 64, 23,  7
  83, 67, 93, 55, 16, 39, 84, 87, 95, 39
  29,  4, 65, 36, 74, 64, 64, 11, 43, 55
  18, 60, 91, 29, 44, 30, 32, 76, 82, 97
  84, 59,  3, 85, 88, 62, 23, 73, 86, 78
  63, 65,  2, 44, 98, 19, 77, 94, 80, 95
  81,  3, 48, 60, 15, 79, 73, 87, 80, 46
  21, 43, 73, 78, 11, 78, 44, 57, 41,  5
  94, 74, 60, 26, 24, 31,  3, 31, 18, 78
  19, 45, 35, 50,  2, 31, 70,100, 28, 17
  90, 18, 28, 11, 93, 93, 82, 90, 69, 88
  36, 74, 46, 38, 66, 66, 56, 19, 12, 79
  74, 65, 83, 45, 39,  6, 77, 85, 52, 98
  40, 48, 91, 49, 84, 70, 94, 31, 44,  2
  10, 45, 64, 38, 90, 36, 38, 83, 85, 69
  91,  1, 55,  6, 59,  4, 95, 33, 22, 74
  37, 61, 59, 60, 31, 22, 50, 29, 52, 25
  52, 86, 41, 62, 65,  8, 96, 38,  4, 32
  97, 74, 72, 54, 34, 80, 56,  7,  7, 15
  84, 26, 61, 63, 83, 47, 72, 20, 62, 95
  35, 72, 68, 87, 96,  7, 97, 78, 97, 43
  33, 55, 53, 53, 99, 49, 23, 26, 57, 28
  30, 50, 98, 49, 83, 33, 38, 11, 34, 50
  31, 41, 51,  5, 58, 39, 62,  7, 58, 75
   4, 57, 44, 52, 64,  1, 21, 42, 72, 21
  36, 38, 94, 14,  7, 54, 30, 67, 81, 89
  27, 74,  6, 64, 87, 71, 61, 57, 49, 49
  50, 80, 98,  3, 21, 81, 57, 83, 22,  6
  32, 61, 70, 91, 47, 77, 29, 64, 56, 81
  18, 39, 28, 97,  8, 29, 38, 30,100, 98
   2, 99, 84, 30, 42, 20, 96, 51, 62, 13
  66, 26, 26, 24, 90, 11, 50, 26, 25, 68
  86, 17, 65, 44, 22, 33, 91, 25, 70, 69
  52,  9,  9, 36, 21, 79, 32, 25, 74, 34
  52, 87, 97, 23, 36,  4, 65,  9, 64, 17
  25,  4,  9, 84, 98, 21, 20, 28, 86, 91
  27, 27, 56, 61, 53, 94, 40, 89, 18, 47
 100, 13, 75, 50, 29, 89, 29, 10, 22, 20
  67, 16, 22, 41, 99, 70,  9, 43, 51, 83
  60, 59,  4, 38, 48, 85, 99, 37,  6, 31
  47,  6, 79, 69, 84, 58,  1, 38, 46, 70
  35, 62, 49, 34, 83, 24, 25, 64,  9, 20
  77, 52, 20, 57, 97, 61, 20, 36, 11, 86
  27, 96, 70, 65, 97, 23, 72, 67,  3, 97
  17, 43, 85,  1, 43, 70, 73, 94, 55,  2
  45, 79, 33, 10,  5, 21,  9, 44, 81,  3
  83, 77, 19, 96, 85, 47, 27, 20, 69, 85
  50,  7, 12, 80, 35, 10, 69, 83, 97, 93
  17, 22, 99, 80, 61, 99,  5,  7, 21,  1
  55, 24, 31,  4, 76, 16, 66, 21, 53, 20
  41, 60, 75, 86,  8, 42, 35,  7, 79, 28
  43, 82, 57,  8, 48, 91, 81,  6, 48, 65
  83, 28, 87, 32, 25, 81, 17, 92, 92, 56
   1, 17, 99, 10, 37,  3, 19, 70, 54, 34
  13, 53, 58,  7, 75, 74, 67, 57, 35, 96
  58, 68, 91, 37, 51, 72, 48, 72, 95, 20
  22, 63, 63, 39, 14, 81, 97, 55, 60,  2
  23, 60, 94, 12, 90, 29, 64, 14, 43, 41
  68, 69, 66, 18,  6, 40, 46, 88, 30, 75
  22, 42, 85, 35, 35, 56, 61, 23,100, 13
  59, 49, 72, 77, 98, 53, 27, 53,  1, 45
  90, 27, 55, 38, 72, 89, 10, 67, 71, 35
  24, 40, 61, 36, 51, 46, 35, 79, 25, 69
  32, 52, 91, 82, 22, 29, 35, 67, 56, 80
  32, 53, 44, 43, 82, 26, 84, 47, 64, 24
   7, 17, 25, 68, 47, 56, 52, 55, 54, 36
  37, 66, 56, 59, 53, 29, 94, 32, 45, 37
  80, 90, 37, 44, 84, 31, 25, 26, 96, 46
  91, 24, 51, 54, 31, 27, 93, 41, 66, 64
  66, 25, 36, 52, 18, 21,  3, 70, 96, 94
   8,  8,  9, 95, 64, 39,  4, 41, 64, 87
  85, 41, 59, 86, 43, 55, 33, 81, 99, 80
  18, 35, 91, 19, 55, 89, 31, 64, 85, 73
  36, 89, 13, 81, 51,  4, 91, 43, 28,  4
  54, 86, 77, 97, 95, 18, 63,  2, 21, 70
  30, 65, 97,  3,  2, 68, 89,  2, 84, 80
  43, 11, 76, 20,  6, 27, 43, 11, 82, 93
  51, 81, 80, 13, 57,  8, 45, 71, 52, 72
  46, 29, 26, 81, 40, 11, 39, 70, 26, 17
  65, 25, 65, 83, 64, 45,  2, 14, 66, 39
  71, 51, 76, 19, 78, 43, 93, 59, 63, 56
   7, 97, 52, 13, 55, 10, 88, 49, 87, 55
   6, 31, 13, 56, 40, 18, 70, 58, 82, 48
  30, 65, 24, 66, 93, 33, 50,  3, 81, 58
  12, 80, 38, 81, 35, 42, 90, 92, 55, 71
  45, 33, 77, 35, 97, 24, 75, 87,  9, 35
  13,  5,100, 73, 98, 94,  6, 57, 92, 71
  30, 64, 19, 38, 90,  3, 38, 42, 45, 94
  10, 18, 76, 84, 49,  1, 87, 27, 52, 94
   4,  1, 91, 85, 73, 43,  6,  6, 25, 76
  20, 60, 49, 58, 18, 52, 60, 93, 13, 53
  69, 93, 15, 85, 11, 76, 49, 80, 95, 38
  71, 53, 57, 83, 44, 45, 95,  5, 83, 70
  29, 25, 69, 32, 35,  6, 39, 23, 92, 61
   8, 71, 71, 11, 10, 35, 62, 15, 52, 42
  10,  4, 62, 18, 58, 61, 93, 71, 16, 46
  85, 46, 85, 90, 48, 90, 46, 74, 77, 79
  76, 14, 38,  6, 97, 87,100,  3, 34, 37
  94, 38, 36, 51, 31, 71, 65, 60, 79, 83
   6, 67, 31,  9, 85, 97, 75, 51, 62, 71
  50, 13, 54, 30, 35, 98, 37, 15, 86, 82
   4, 60, 42, 17, 40, 22, 22, 67,100, 91
  38, 13, 53, 14, 47, 46, 34, 46, 83, 90
  48, 20, 43, 76, 56,  9, 39, 19, 57, 72
  68, 57, 40, 65, 79, 92, 78, 22, 91, 75
  26, 49, 89, 95, 81,  3, 82, 37, 22, 46
  41, 90, 84, 15, 38, 99,  6, 30, 69, 20
  19, 32, 31, 90, 97, 29, 40, 71, 46, 19
  24, 20, 49, 30,  8, 11, 40, 30, 16, 19
  53, 28,  5, 11, 68, 99, 56, 43, 51,  7
  31, 30, 88, 79, 89, 53, 85,  7, 53, 22
  35, 92, 35, 12, 47, 78, 71, 82, 42, 22
 100, 73, 58, 70, 44, 31,  7, 81, 13, 10
  45, 11, 76, 85, 61, 57, 27, 26, 37, 64
  86, 48,  5, 70, 57, 68, 88, 71, 25, 20
  42, 49, 45, 85, 12, 73, 30,  7, 32, 21
  93, 41, 14, 94, 98, 46, 74, 61, 85, 78
  77, 86, 57, 81, 65, 78, 34, 17, 28,  6
   6, 54, 81, 35, 69, 24, 52,  6,100,  5
  14,100, 37, 30, 90, 49, 83,  2, 46, 74
   4, 83, 89, 35, 56, 78, 92, 78, 37, 88
  47, 56, 36, 95, 56, 23, 25, 74,  4, 29
  22, 92, 54, 29, 23, 60, 40, 61, 28, 74
  62, 36, 87, 97,  5, 88, 59, 83, 65, 47
  98, 72,  1, 45, 30, 18, 70,  2, 46, 11
  44,100, 71, 87, 32, 44, 84,  1,  7, 29
  40, 22, 71, 16, 72, 20, 13, 46, 54, 75
  13, 96, 62, 99, 91,  7, 41, 58, 73, 52
  62, 58, 87, 37, 55, 61, 95,  7, 52, 92
  26, 86, 34, 56, 66, 19, 69, 52, 78, 53
  83, 46, 84, 22, 29, 76, 84, 20, 78, 40
  12, 26, 68, 19, 96, 10, 75, 90, 85, 39
  30, 89, 77, 82, 27, 52, 86, 78, 41, 25
  10, 21, 96, 65, 96, 29,100, 80, 11, 12
  80, 27, 17, 37, 65, 88, 34, 79, 77, 97
  10, 81, 11, 88, 38, 12,100, 37, 10,  5
  96, 81, 26, 56, 94, 82, 83, 21, 86, 12
  83, 39, 97, 99, 53, 92, 60, 37,  2, 28
  36, 68, 39, 15, 27, 14, 58, 53, 30, 78
  23, 15, 98, 30, 41, 78, 31, 20, 88, 60
  39, 10, 58, 13, 20, 36, 16, 85, 46, 51
  93, 64, 48, 94, 54, 16,  2, 93, 21, 94
  18, 96, 62,  9, 62, 83, 47,  5, 77, 95
  90, 47, 87, 82, 37, 84, 11, 12, 17, 76
  56, 90, 80, 93, 22, 64, 55, 69, 56, 64
   9, 70, 40, 42, 65, 71, 41, 47, 57, 80
  68, 54, 83,  3, 55, 67, 74, 55, 93,  8
  68,  9, 19, 71, 18, 21, 27, 45, 65, 18
  52,  3, 54, 62, 32,  1, 78, 89, 74, 39
  26, 96, 65, 55, 74,  9, 83, 84, 95, 84
  73, 23, 92, 22, 87, 61, 39, 29,  4, 95
  81, 62, 42, 37, 46, 28, 62, 81, 37, 10
  36, 36, 79, 69,  3, 87, 49, 15, 23, 20
  98, 76, 87, 54, 75, 14, 38, 93, 66, 16
  95, 69, 37, 95, 26, 11, 10, 88, 61, 95
  57, 31,  1, 54, 38, 46, 49, 11,100, 46
   3,  9, 90, 64, 67, 96, 98, 27, 25, 80
   5, 89, 84, 52, 95, 86, 98, 18,100, 21
  80, 89, 93,  4, 51, 63, 48, 91, 93, 76
  47,  5, 13, 56, 17, 26, 22,  4, 43, 51
  62, 40, 49, 84, 33, 95, 46, 66, 35, 28
  37, 61, 20, 32, 86, 96, 63, 16, 16, 16
  59, 61, 80, 59, 87,100, 81, 50, 85,  4
  26, 97, 91,  7, 63, 19, 72, 67, 38, 50
   9, 71, 38, 61,  1, 75, 37, 17, 69, 10
  26, 68, 41, 15,  4, 63, 36, 90, 73, 28
  40, 96, 47, 63, 66, 32, 58, 86, 18, 61
  58, 71, 75,  8, 98,  8, 64, 40, 51, 19
  23, 40, 65, 24, 79, 62, 87, 45, 94, 72
  20, 29, 34,  2, 96, 79, 53,100, 80, 18
  54, 23, 57, 56, 81, 65, 82, 18, 85, 22
  78, 14, 55, 33, 60, 95, 86, 32, 67, 94
  16, 80, 43, 61, 73, 93, 43, 79, 71, 46
  71, 81, 10, 35, 95, 47,100,  2, 97, 60
  38, 80, 34, 23, 23, 29, 56, 15, 87,  1
  70, 48, 92, 86, 41, 16, 26, 99, 51, 90
  35, 88, 83, 24, 59, 64, 69, 43, 20, 55
   1, 92,  6, 77, 32, 56,100, 18, 42, 85
  48, 56, 16, 62, 13, 95,  2, 74, 29, 84
  29, 57, 29, 82, 57,  6, 33,  3, 54, 81
  21, 55, 19, 96, 69, 92, 85, 31, 33, 58
  35, 20, 19, 55, 47, 46, 34, 50, 29, 47
  81, 60, 71, 59,  2, 67, 16, 16, 86, 12
  93, 92, 59, 11, 61, 45, 18,  2, 43, 86
  27, 79, 77, 57, 79, 49, 85, 58, 90, 51
  23, 69, 43, 79, 79, 23, 58, 92, 47, 10
  52, 46, 12, 29, 50, 56, 47, 83, 16, 86
  45, 32, 74, 67, 80, 92, 27,  3, 28, 35
  12, 46, 36, 19,100, 81, 99, 88,  2, 42
   2,  9, 56, 76, 43, 81,  9, 23,  7, 92
  68, 70, 72, 49, 84,  3, 15, 80, 34, 26
 100, 86, 17, 84, 43, 35, 86, 40, 62, 24
  53, 49, 10, 45, 49, 95, 32, 17, 24, 75
  78, 60, 58, 89, 41, 29, 15, 78, 36, 20
  69,  7, 80, 54, 67, 20, 19, 75,  8,  4
  72, 48, 80, 72, 56, 28, 76, 70, 71,  9
  77, 77, 69,  3, 95, 97, 62, 42, 37, 28
  87, 24, 25,  7, 41, 30, 25, 54, 64, 32
  73, 69, 93, 89, 93, 79, 21, 32, 67, 80
  87, 86, 81, 74, 88, 13, 21, 96,  4, 74
  95, 47, 56, 38, 30, 92, 91, 70, 30, 41
  66, 32, 90, 50, 10, 13, 92, 28, 29,  1
  58,  8, 45, 79, 40, 45, 96, 89,  3, 16
  28, 46, 87, 21, 49, 44, 64, 60, 68, 30
  63, 30, 55, 12, 68, 82, 61, 74, 86, 52
  52, 85, 67, 11, 25, 72,  2, 29, 77, 37
  74, 22,  7, 42, 72, 39, 55, 17, 88, 69
  57, 51, 59, 92, 55, 90, 78, 32, 24, 77
  82, 16, 76, 33, 37, 86, 40, 69, 29, 12
  16, 18, 53, 40, 70, 28, 61, 71, 50, 37
  78, 52, 64, 18, 87, 16, 85, 17, 51, 71
  44, 35, 84, 24, 98, 71,  3, 78, 69, 84
  49, 89, 97, 97,  8, 48, 50, 43, 69, 16
  87, 17, 81, 34, 76, 49, 82, 35, 24, 33
  81,  1, 56, 73, 81, 58, 64, 70, 57,100
  44, 27, 75, 12, 29, 64, 14, 68, 29, 87
  61, 97, 27,  4, 46, 45, 68, 27, 39, 65
  84, 39,  4, 30,  7,  3,  8, 92, 85, 78
  49, 10, 60, 97, 14, 48, 80, 37, 41, 84
  51, 76,  8, 75, 27, 81, 88, 72,  4, 36
  13, 48, 58, 95,  8, 82, 95, 30, 92,  2
  64, 77,  4, 67, 11, 71, 93, 35, 73, 89
  19, 21, 52, 92, 82, 70, 53, 60, 94, 36
  69,  8, 62, 38, 82, 49, 20, 40, 60, 87
  66, 20, 15, 77, 22,  1, 66,  3, 48, 36
  43, 93, 13,100,  8, 51, 44, 46, 50, 88
  85, 13, 50, 74, 76, 22, 51, 33, 71, 29
  19, 21, 80, 42, 49, 65,  3, 61, 86, 74
  39, 96, 99, 70,  4, 22, 56, 33, 53, 43
  61, 43,  4, 68, 74, 80, 82, 32, 40, 51
  11,  5, 99, 18, 27, 39, 59, 10, 89, 15
  68, 64, 15, 57, 62, 55, 44, 10, 47, 85
  82,100, 79, 37,  3, 45, 82, 11, 18, 89
  46, 17, 56, 17, 22, 75, 69, 99, 57, 48
  41, 88, 17, 83, 78, 92, 14, 69, 53, 28
  59, 15, 10, 64, 46, 93,  7, 78, 86, 62
  81, 78, 85, 37, 60, 85, 13, 91, 28, 25
  38, 81, 71, 94,  5, 97, 60, 54, 19, 11
  62, 71, 82, 99, 68, 49, 60, 35, 12, 97
  70, 53, 68, 29, 74, 55, 81, 91, 99, 75
  70, 48, 65, 59, 26, 32, 65, 63,  8, 16
  16, 89, 42, 86, 77, 19, 83, 71, 30, 56
  22, 67, 49, 65, 30, 54, 98, 92, 13, 20
  10, 21, 71, 83, 21, 91, 55, 70, 16, 30
  78, 29, 82, 96, 81, 63, 21, 75, 70, 34
  52, 73, 71, 12, 95, 57, 72, 71, 74, 97
  42, 46,  7,  1, 88, 22,  1, 47, 49, 67
  17, 82, 79, 47,  8, 85, 70, 55, 82, 57
  94, 14, 57, 81, 75, 52, 55, 19, 17, 72
  16, 55, 65, 15, 10,  2, 67, 14,100, 24
  56, 26, 94,  1, 41, 45, 62, 91, 63, 26
  69,  1, 94, 27, 58, 35, 75, 19,  5, 96
  31, 83, 21, 65, 42, 79, 34, 62, 50, 48
  90, 82, 74, 91, 81, 70,  9, 25,  3, 59
  88,  9, 84, 68, 44, 94, 86, 44, 63, 50
  32, 24, 59, 95, 66,  9, 84, 50, 24, 28
  22,  9, 97, 19, 39, 73, 82, 30, 61, 71
  59, 73, 40, 40, 51, 71, 53, 26, 60,  5
  58, 19,  6, 28, 96, 44, 45, 54, 50, 64
  11, 40, 90, 57, 94, 78, 48, 27, 83, 23
   1,  8, 80,  9, 31, 41, 71, 42, 87, 53
  53, 56, 77, 64, 87, 17,  2, 77, 52, 34
  36, 49, 49, 49, 40, 59, 88, 35, 91, 30
  23, 33, 20, 76, 98, 60, 24, 14, 69, 94
  19, 58, 88, 66, 71, 13, 82, 91, 73, 42
   6,  6, 95, 34, 96, 18, 91,  1, 41,  6
  15, 54, 90, 51, 93, 37, 25, 52, 56, 77
   8, 84, 47, 18, 35, 57, 27, 59, 57, 42
  21, 33, 52, 72, 66, 75, 17, 56, 98, 16
  91, 46, 47,  2, 26, 75,  9, 75, 17, 94
   1, 64,  3, 32, 57, 70,  9, 77, 87, 82
  18, 49, 69, 35, 76, 36, 38, 84,  9, 66
  68, 78, 92, 12, 15, 24, 22, 64, 88, 42
  65, 67, 79, 79,  4, 51, 26, 11, 43, 67
  65, 84, 50, 52, 24, 71, 45, 66, 43, 43
   4, 79, 22, 21, 41, 28, 34, 46, 30, 36
  45, 47, 48, 25, 59, 92, 22, 34, 43, 72
   7, 28, 92, 44, 21, 61, 36, 98, 40, 40
  33,  2, 14, 53, 14, 27, 63, 65, 95, 70
  32, 44,100, 94, 90, 64, 95, 35, 72, 42
   7, 93, 68, 61, 57, 71, 33,  1,  2, 35
  83, 56, 82, 39, 77, 88, 33, 28,  8,  6
  78, 31, 55, 11,  8, 88,  5, 56, 97, 59
  27, 63,  5, 42, 28, 97, 18, 55, 67, 29
  98, 31, 12, 94, 37, 53, 83, 21, 53, 95
  61, 40, 93, 65, 29, 41, 10,  6, 35, 58
  52,  9, 48, 31, 82, 68, 35, 38, 22, 58
  76, 70, 62, 75, 17, 12, 56, 51, 45,  8
  46, 54, 37, 54, 51, 25, 93, 52, 58, 98
  42, 58, 64, 23, 69, 95, 63, 75, 51, 47
  88, 48, 82, 42, 39, 45, 53, 33,  7, 99
  52, 82,  1,  4, 84, 71, 54, 15, 71, 50
  43, 22, 36, 59, 27, 32, 14, 30, 17, 82
  83, 78, 76, 43, 31, 72, 11,  2, 95, 64
  29, 23, 45, 47, 53, 46, 23, 53, 72, 38
  83, 69, 17, 35, 97,  1, 40, 22, 32, 89
  14, 52,  5, 99,  3,  9, 48, 30, 40, 24
  55, 43, 69, 62, 60, 13, 25, 17, 12, 81
  73, 90,  6, 22, 70, 55, 44, 34, 31, 57
  96, 14, 99,  5, 91, 97, 63, 14, 66, 78
  67, 99,  2, 65, 52, 93, 19, 40,  9, 33
  80, 39, 94, 47, 34, 98, 43, 32, 60, 52
  47, 28, 39, 60,  5,  2, 35, 40, 69, 70
  34, 35, 66, 94, 53, 37, 11, 35, 14, 46
  18, 91, 82, 67, 30,  4, 98, 75, 40, 61
  75, 18, 13, 31, 16, 79, 11, 87, 55,  9
  12, 90,  3, 44, 73, 41, 39, 16, 38,100
  50, 69, 66, 40, 18, 68, 14, 21, 44, 73
   6, 16, 67, 19, 53, 55, 65, 33, 88, 23
  63, 41, 39, 95,  7, 79, 20, 41, 81, 29
  20,  2, 89, 62, 27, 65, 77, 34, 81, 65
  31, 93, 99, 70, 11, 10, 54, 54, 42,  1
  88, 54, 86, 22, 18,  4, 98, 52, 71,  4
  24, 19, 58, 32, 61, 53, 36, 97, 48, 92
  59, 76,  9, 64, 99, 80, 74, 44, 19, 25
  70, 51, 94, 80, 68,  9, 91,  9, 90, 83
  16, 19, 12, 56,  4,  5, 25,  1, 74, 34
  94,  5, 57, 97, 65, 31, 18, 52, 69, 31
   7, 35, 36, 21, 48, 99, 78, 57, 96, 58
  33, 25, 41, 82,  3, 85, 44, 96, 47, 64
  26, 58, 67, 59, 59, 53,  6, 51, 30, 85
  25, 73, 39, 11, 46,100, 19,  8, 38, 32
  52, 14,  4, 59, 28, 15, 96, 60, 84,100
  17, 72, 91,100, 17, 63, 77,100, 72, 42
  24, 90, 62,  6, 48, 69, 24, 28, 56, 98
  84, 68, 11, 50, 97, 11, 96, 53, 90, 89
  81, 89, 53, 24, 67, 67, 87,  7,  7, 87
  33, 17, 96, 24, 61, 61, 86, 31, 98, 52
   4, 47, 81, 60, 38, 76,  3, 20, 40, 94
   7, 71, 80, 26, 94, 53,100, 13, 93, 21
  75, 44, 18, 45, 17, 89, 67, 15, 10, 10
  77,100, 37, 48, 88, 71, 91, 76, 45, 53
   2, 37, 52, 71, 28, 92, 28, 35, 65, 65
  77, 28, 90, 79, 47, 10, 72, 78, 41,  1
  45, 79, 12, 67, 11, 40, 80, 34, 58, 70
  15, 38, 67, 88, 47, 21, 15,  4, 15, 22
   9, 57,  8, 56, 21, 52,  1, 48, 16, 83
  43, 42, 98, 95, 96, 34, 92, 50, 39, 20
  42,  7, 96, 68, 27, 66, 48,  8, 25, 14
  64, 61, 19, 28, 33, 78, 82, 97, 96,  4
   6, 61, 16,  9, 23, 23, 86, 78,  6, 12
  44, 44, 85, 68, 21, 55, 28, 63, 25, 22
  19, 79, 55, 40,  5, 89,  9, 94, 66, 26
  43, 28, 85, 29, 36, 28, 48, 36, 49, 42
  50, 95, 18, 56, 37, 96, 62, 25, 81, 51
  98, 70, 63, 56,  9,  4, 15, 24, 84, 76
  91, 26,  1, 41, 29, 67, 63, 80, 17, 11
  46, 54, 86, 45, 26, 96, 45, 16, 51, 57
  41, 65, 61, 32,  9, 34, 93, 96, 37, 10
  15, 33,  3, 34, 42,  2, 87, 19, 76, 91
  84, 74, 33, 83, 21, 45, 48, 17, 51, 18
  71, 37, 75, 30, 88,  4, 20, 74, 37,  1
  92, 12, 13, 94, 94, 37, 99,  9, 75, 13
  18, 72, 71, 48,  8, 30, 32, 96, 10, 61
  49,  4, 93, 10,  4,  5, 18,  1, 61, 43
  34, 25, 74, 34, 68, 93, 38, 55,  1, 55
  61, 56, 64, 99, 30,  1, 95,  5, 69,  7
  35, 53, 88, 67, 93, 44, 22, 83,  9, 32
  37, 97,  8,  7,  9, 66,  8, 62, 75, 48
  53, 33, 77, 41, 83, 89, 20, 47, 14, 16
  45, 67, 17, 79, 80, 30, 36, 89, 49, 36
   9, 44,  2, 62, 79, 70, 47, 60,  4, 84
   8, 95, 89, 25, 66, 86, 67, 19, 83, 94
  14, 10, 69,  2, 59, 17, 24, 28, 52, 49
  46, 87, 72, 47, 46, 47,  9, 33,  9, 11
  16, 24, 11,100, 86, 22, 48, 42, 88,  3
  80, 48, 90, 98, 40, 16, 77, 92, 80, 52
  37,  4, 32,  6, 99, 95, 35, 59, 18, 18
  48,  1, 17,  3, 30,  9,100, 97, 19, 60
  15, 76, 31, 18, 50, 82, 66, 43,  7, 55
  73, 97, 29, 74, 64, 22, 44, 66, 53, 10
  16, 25, 90, 50,  4, 55, 24, 37, 80, 82
  52, 67, 31, 39, 10, 27, 78, 80, 64, 60
  16, 53, 93, 19, 81, 15, 68, 27, 54, 21
  45, 32, 65, 91, 59, 58, 98, 69, 15, 89
  80, 63, 57, 72, 96, 37, 28, 55, 62, 31
   9, 63, 50, 45, 36, 44, 30,  4, 36, 97
   7, 36, 22,  6, 70, 53, 31, 24, 78, 67
  37, 22, 57, 54, 32, 94,  6, 69, 64,  2
  66,  3, 23, 94, 76, 68,  3, 33, 47, 13
  34, 53,  3,  3, 95, 10, 99, 64, 95, 89
  52, 34, 56, 77,  4, 50, 96, 50, 87, 68
   9, 14, 68, 43, 61, 58, 29, 48, 35, 56
  24, 33, 58, 38, 69,  9, 40,  1, 61,  4
  84, 86, 19, 69, 25, 28, 90, 26, 75, 54
  74,  1, 38, 28, 64,  8, 98, 72, 79, 87
  70, 42, 64, 34, 37, 83, 48,  7, 93, 24
  28,  3, 79, 42, 30, 77, 30, 48, 38, 23
  60, 65, 56, 56, 99, 65, 60, 11,  7, 42
  68, 76, 90, 59, 18, 49, 77, 18, 46, 99
  85, 18, 29, 46, 86, 53,  2, 67, 54, 71
  86, 35, 63, 32, 19,  1, 32, 47, 32,100
  38, 27, 42, 54, 40, 99, 23, 99, 56,  5
  92,  5, 29, 99, 80, 59, 22, 47,  3, 87
  59, 85, 20, 88, 18, 93, 69,  5, 57, 64
  54, 62, 56, 93, 20, 36, 30, 65, 37, 63
  38, 85, 66, 33, 64, 89, 37, 84,  7, 16
  34, 22, 48, 46, 42,  4, 38, 57, 29, 54
   1, 94, 20, 30, 96, 66, 55, 59, 18, 79
  83, 27, 45, 67, 38, 40, 99, 10, 53, 82
  71, 72, 48, 62,100, 32, 13, 23, 97, 97
   1, 25, 45, 93, 19, 36, 77, 85, 82, 99
  41, 72, 73, 82,  8, 94, 17, 51, 98, 56
  59, 63, 27, 45, 20, 36,  5, 80, 17, 11
  84, 38, 89, 85, 56, 78, 11, 87, 88, 31
  98, 60, 77, 41, 57,  6, 70, 51, 43, 47
  57, 26,  8, 63, 45, 92,  5, 11, 66, 10
   6, 25, 41, 58,100, 26, 21,  5, 86, 94
  46, 88,100, 44, 37, 84, 85, 92, 50,  3
  11, 42,  1, 67, 13, 75, 72, 26, 83, 96
  95, 18, 36, 80,  1, 93, 48, 96, 52, 57
  44, 59, 50, 14, 60, 68, 52, 80, 74, 29
  67, 89, 42, 24, 47, 62, 80, 68, 98, 19
  88, 23, 28, 61, 24, 29,  3, 31, 74, 19
   9, 72, 76, 89, 30, 42, 34, 50, 44,  6
  58, 90, 92, 20, 73, 56, 17, 63, 42, 12
   5, 22, 70, 19,  1, 63, 66, 63, 96, 58
  95, 61, 41, 21, 45, 95, 86, 98, 33, 92
  58, 33, 31, 60, 82, 40, 20, 10,  7, 24
  89, 44,  1, 31, 80, 29, 59, 89, 40,100
  26, 38, 37,  6, 96, 41,  7, 38,  8, 72
  21, 52, 40, 43, 24, 43, 21, 51, 46, 69
  22, 88, 82, 34, 85, 18, 41, 35, 73, 79
   1, 87, 87, 16, 96, 98, 49, 10, 85, 96
  30, 58, 11, 71, 74, 98, 67, 72, 87, 92
  62, 51, 12, 83, 33, 27, 95, 70, 58, 63
  19, 18, 55, 44, 86, 16,  8,  6, 42, 47
  79, 81, 14, 28, 71, 55, 60, 84, 42, 97
  74, 67, 39, 47, 67, 15, 32, 54, 23, 93
  98, 20, 22, 86, 90, 86, 22,  7, 13,  9
  85, 53, 84, 45, 53, 41, 80, 49,100, 43
  13, 48,  7, 44, 32,  9, 26, 10, 13, 96
  41, 80, 77, 24, 70, 21, 94, 51, 79, 17
  77, 92, 31, 49, 79, 65, 81, 81, 48, 22
  46, 56,  3, 71,  1, 93, 32, 57, 24, 37
  44, 37, 95, 22, 67, 20, 27, 38, 81, 16
  89, 44, 74, 15, 48, 29, 83,  5, 78, 20
  82, 92, 95, 22, 64, 49, 38, 67, 54, 78
   8, 11, 11, 77, 87, 37, 76, 11,100, 60
  58,  4,  7,  7, 15, 94,  7,  8,  5, 34
  14, 78, 58, 84,  9, 89, 93, 64, 44, 56
  49, 40, 98, 78, 45, 34, 27, 35, 23,  3
   9, 62, 70, 45, 90, 15, 17, 45,  9, 49
  39, 78,100, 34,  9, 65, 43, 19, 64, 29
  34, 27,  4, 65, 58, 51, 30, 91, 61, 12
  69, 74, 43, 10, 41, 22, 17, 79, 84, 41
  97, 61,  6,  5, 44, 44,  8, 12, 67, 36
  48, 30, 62, 65, 64, 76, 68, 49, 64, 41
  47, 66, 71, 66, 70, 50, 73, 54, 33, 54
  50, 60, 95, 86, 92,100, 70, 14, 16, 41
  92, 19, 33, 58, 90, 44, 63, 87, 91, 97
  97, 13, 67, 15, 98, 80, 88, 39, 90, 72
  34, 19, 23, 72, 37, 83, 47, 94, 94, 81
  76, 80, 53, 69, 55, 37, 46, 84, 58, 29
  11, 78, 48, 58, 25, 15, 91, 99, 52,  3
  40, 56,  9, 25, 73, 30, 83, 72,  6, 73
  96, 61,  3, 65, 76, 50,  6,  7,  1,  8
  61, 19, 99, 62, 91, 41, 14, 35,  8, 70
  73, 86, 38,  1, 72, 46, 60, 27,  3, 61
   6, 36, 89, 56, 54, 92, 46, 63, 35, 76
  62, 51, 45, 76, 99, 78, 63, 70, 81, 71
  74, 31, 15, 68, 65, 51, 39, 69, 58, 21
  15, 50, 95, 63, 41, 84, 59, 52, 53, 56
  37, 86, 83, 25, 87, 43, 43,  8,  2, 65
  67, 45, 81, 50, 16, 66, 75, 10, 33,  3
  98, 45, 39, 41, 10, 32, 34, 45, 35, 53
  94, 67, 93, 86, 26, 99, 47, 18, 14, 42
  57, 58, 86, 23,  6, 70, 13, 28, 79, 38
   9, 29, 12, 14, 32, 52, 98, 11, 47, 66
  55, 20, 22, 83, 71, 70, 78, 15,  3, 15
  87, 57, 74, 83, 44, 32, 99, 85, 70, 27
  75, 59, 96, 63, 67, 59, 48, 91, 18, 60
  33,  1, 51,  2, 45,  4, 78, 80, 75, 72
  36, 49, 78, 14, 28, 87, 32, 66, 55, 27
  11, 70, 18, 82,  6, 49, 40, 94, 85, 23
   2, 94, 74, 24, 39, 12, 92, 55, 13, 54
  58, 65, 78, 75, 20, 99, 92,  4, 38, 72
  79, 97, 78, 70,  1, 58, 87, 69, 41, 39
  95, 78, 82, 28, 85, 47, 32,  6, 48, 22
  49, 44, 75, 16, 10, 96, 37, 96, 45, 74
 100, 34, 13, 13, 91, 52, 26, 34, 60, 93
  75,  7, 45, 22, 99, 17,  5, 97, 62, 53
  63, 16, 99, 31, 73, 39, 63, 17, 95, 88
  27, 87,  8, 95, 63, 30, 81, 79, 99, 18
   5, 20, 43, 18, 85, 38,  6, 52, 18, 40
  27, 17, 45, 98, 24, 97, 55, 27, 47, 28
  28, 32, 60, 14, 74, 23, 56, 97, 75, 59
  20, 16, 30, 97, 46, 71, 49, 49, 62, 47
  45, 56, 30, 18, 19,  6, 81, 27, 87, 18
  50, 27, 15,  1, 28, 75, 93, 13, 22, 14
  26, 94, 79, 21, 70, 23,  4, 33, 63, 40
  26, 72, 63, 19, 46, 28, 80, 13, 26, 99
  25, 33, 65, 66, 39, 53, 84, 64, 51, 46
  55, 13, 73, 56, 95, 54,  5, 56, 31, 26
  47, 98, 79,  1, 60, 25, 28, 98, 32, 90
  24, 61, 62, 82, 34, 23, 43, 86, 52, 68
  94, 40, 36, 56, 90,  4, 57, 47, 17, 62
  23, 74, 69, 89, 95, 54,  4, 73, 90, 65
  98, 42, 86, 35, 19, 72, 83, 30,  5, 77
  42, 99, 57, 72, 74, 56, 37, 34,  8, 68
  49, 35, 63, 37, 30, 49, 87, 15, 95, 16
  22, 86, 58, 20, 52, 76, 45,  8, 66, 56
  90, 93, 21, 80, 29, 97, 11, 60, 50, 36
  19, 36, 46, 55, 46, 77, 38,  1, 85, 90
  81, 60,  1, 59, 94, 98,100, 55, 46, 65
  94, 74, 64, 81, 25, 33, 92, 42, 93, 88
   7, 98, 99, 33, 35, 54,  3, 88, 57, 84
  30, 58, 89, 95, 88, 90, 82, 81, 21,  4
  95, 12, 96, 53, 54, 13, 18, 90, 34, 62
  76, 33, 22, 71, 83, 20,  7,100, 26, 22
  57, 52, 99, 39, 14, 60, 55, 99, 25, 69
  23, 22, 25, 85, 69, 21, 61,  3, 18, 93
  21, 32, 82, 14, 33, 51, 13, 98, 11, 20
  58, 48,  5, 13, 35, 38, 17, 27, 22, 13
  96, 26, 27, 86, 56, 86, 93, 91, 96, 91
  57, 13, 59, 25, 14, 45, 73, 88, 70, 83
  59, 95, 99, 16, 93, 26, 34, 93, 72, 49
  78, 80, 12, 10, 38, 17, 50, 51, 43, 19
  67, 31, 77, 60, 76, 70, 19, 38, 64, 44
  24, 86, 85, 77, 66, 51, 14, 49, 70, 44
  32, 27, 73, 97, 31, 56, 66, 97, 15, 37
  51, 21,  1, 47, 96, 39, 37, 95, 51, 29
  32, 16, 43, 20, 38, 23, 31, 35, 89,  5
  62, 33, 21, 70,  9, 64, 18, 22, 66, 95
  56, 58, 47,  7, 51, 93,  8, 13, 53, 68
  74, 56, 41, 36, 54, 80, 51, 68, 76, 59
  30, 92,  3, 99, 89, 66, 97, 65,  3, 64
  72, 68, 68, 27,  7, 93, 91,  6, 85, 37
   3, 84, 25, 13, 89, 75, 24, 57, 50, 44
  71, 92, 67, 79, 11, 65, 16, 43, 73, 14
  46,  2, 80, 73, 52, 14, 79, 16, 33, 63
 100, 62,  7,  4, 61, 22, 19, 36, 45, 34
  18, 42, 74,  2, 35, 25, 96, 29, 87, 16
  32, 67, 36, 18, 40, 59, 84, 38, 39, 58
  12, 94,  5, 26, 57, 35,  6, 80, 10, 91
  82,  1, 57, 21, 97, 52, 71,  7, 70, 19
  43, 30, 98, 95, 52, 49, 38, 94, 73, 85
   9, 32, 50, 78, 53, 74, 57, 64, 37,  8
  26, 82, 11, 28, 46, 68, 38, 77, 87, 98
  91,  3, 81, 23, 57, 29, 92, 30,  2, 41
  61, 41, 28, 75, 42, 85, 38,  4, 11, 40
   4, 75, 67, 99, 97, 29, 26, 79, 53, 18
  44,  7, 69, 28, 98, 67, 83,  8, 63, 24
  76, 34, 41, 18, 11, 41, 78, 53, 31, 70
  23, 53, 86, 20, 13, 25, 36, 59, 78, 64
  95, 59, 33, 50, 23, 52, 50, 61, 29, 78
  99, 39, 26, 63, 92,  5, 49, 81, 62, 59
  35, 15, 81,  6, 73, 82, 58, 98, 55,  5
  71, 80, 28, 34,  3, 75, 23, 15, 30,  4
  21, 89, 13, 83, 75, 63, 48, 89, 39, 47
  59, 59, 44, 92, 66, 82, 27, 94, 94, 17
  37, 48, 54, 18,  9, 52,  5, 32, 70, 40
  10, 83, 79, 19, 96, 77, 65, 77, 69, 20
  74, 58, 30, 25, 75, 55, 36,  9, 72, 94
  44, 98, 42, 50, 90, 73, 85, 93, 73, 43
  24,  5, 98, 25, 28, 50, 23, 14, 78, 99
  17, 46, 21, 51, 80, 10, 67, 46, 47, 39
   1, 48, 69, 43, 71, 92, 97, 54, 98, 73
  52, 71, 58, 23, 91, 62, 46, 60, 52,  1
  59, 73, 28, 10, 43, 30, 39, 39, 10, 37
  80, 82, 63, 49, 80, 44,  3, 24, 32, 64
  43, 70, 48, 72,  6, 25, 49, 87, 92, 92
  81, 20, 81,  7, 43, 66,  4, 96, 52, 89
  39, 66, 87, 14, 41, 66, 72, 39, 62, 92
  99, 49, 74, 86,  2, 57, 89, 29, 68, 21
  42, 48, 64,  2, 89, 49, 53, 98, 88, 12
  80, 71, 84,  1, 55, 70, 85, 13, 89, 21
  12, 45, 44, 33, 21, 13, 77, 41, 74, 68
  83, 65,  8, 93, 73, 24, 28, 80, 75, 24
  15, 99, 41, 64, 73, 41, 71, 77, 17, 75
  32,100, 19,  9, 94, 48, 64, 59, 63, 79
  95, 25, 50, 93, 27, 70, 69, 39, 65,  4
   9, 46, 74, 56, 64, 51, 50, 83, 60, 80
  21, 63, 85, 30, 66, 85, 33, 95, 95, 69
  82, 88, 14, 13, 76, 87, 88, 45, 83, 58
  50, 57, 25,  3, 54, 49, 76, 80, 36, 74
  30, 63, 69, 84, 31, 18, 30, 63, 61, 45
  61, 95, 88, 67, 28, 24, 76, 26, 31, 59
   2,100, 55, 81,  4, 63,  2, 20, 10, 38
  60,  8, 49, 21, 20, 89, 20, 47, 43, 65
  68, 64, 27, 91, 67, 48, 60, 68, 49, 23
  54, 50, 51, 28, 85, 85, 56, 62, 93, 69
  22, 36, 49, 14, 58, 78, 69, 48, 35, 53
  68, 66, 81, 75, 23, 56,  6, 55, 41, 2
